{"0":[39.815453,-17.599501,-9.671536],"1":[5.142338,-17.599501,-12.636514],"2":[-53.997234,-17.599501,7.617762],"3":[-57.702003,-17.599501,32.96748],"4":[-55.786518,-47.999496,97.839241],"5":[-35.458633,-47.999496,165.408447],"6":[26.289494,-47.999496,91.066757],"7":[69.358513,-42.399498,58.844002],"8":[62.951744,-42.399498,7.639931],"9":[17.190119,-42.399498,8.836245],"10":[-56.279953,-42.399498,0.418046],"11":[0.724642,-42.399498,-12.389848]}